title,location,description,experience,link
N/A,N/A,N/A,Experience details not available,N/A
N/A,N/A,N/A,Experience details not available,N/A
N/A,N/A,N/A,Experience details not available,N/A
N/A,N/A,N/A,Experience details not available,N/A
N/A,N/A,N/A,Experience details not available,N/A
N/A,N/A,N/A,Experience details not available,N/A
N/A,N/A,N/A,Experience details not available,N/A
N/A,N/A,N/A,Experience details not available,N/A
N/A,N/A,N/A,Experience details not available,N/A
N/A,N/A,N/A,Experience details not available,N/A
N/A,N/A,N/A,Experience details not available,N/A
N/A,N/A,N/A,Experience details not available,N/A
